{"name":"bd6e4190-1d21-41dc-b934-fd79a961e490","id":"/providers/Microsoft.Flow/flows/bd6e4190-1d21-41dc-b934-fd79a961e490","type":"Microsoft.Flow/flows","properties":{"apiId":"/providers/Microsoft.PowerApps/apis/shared_logicflows","displayName":"Manager Team","definition":{"metadata":{"workflowEntityId":null,"creator":{"id":"f82463af-a67a-4bbe-bda8-cb97d27bce3e","type":"User","tenantId":"8e1de925-729d-41cd-81f5-677404870dbb"},"provisioningMethod":"FromDefinition","failureAlertSubscription":true,"clientLastModifiedTime":"2019-12-09T16:33:28.2247193Z"},"$schema":"https://schema.management.azure.com/providers/Microsoft.Logic/schemas/2016-06-01/workflowdefinition.json#","contentVersion":"1.0.0.0","parameters":{"$connections":{"defaultValue":{},"type":"Object"},"$authentication":{"defaultValue":{},"type":"SecureObject"}},"triggers":{"manual":{"type":"Request","kind":"Button","inputs":{"schema":{"type":"object","properties":{"text":{"title":"Manager UPN","type":"string","x-ms-dynamically-added":true,"description":"Please enter your input","x-ms-content-hint":"TEXT"}},"required":["text"]}}}},"actions":{"Set_Client_ID":{"runAfter":{},"type":"InitializeVariable","inputs":{"variables":[{"name":"ClientId","type":"String","value":"<YOUR CLIENT ID>"}]}},"Set_Secret_ID":{"runAfter":{"Set_Client_ID":["Succeeded"]},"type":"InitializeVariable","inputs":{"variables":[{"name":"SecretId","type":"String","value":"<YOUR SECRET>"}]}},"Set_Tenant_ID":{"runAfter":{"Set_Secret_ID":["Succeeded"]},"type":"InitializeVariable","inputs":{"variables":[{"name":"TenantId","type":"String","value":"<YOUR TENANT ID>"}]}},"Set_Team_Template_ID":{"runAfter":{"Set_Tenant_ID":["Succeeded"]},"type":"InitializeVariable","inputs":{"variables":[{"name":"TeamTemplateId","type":"String","value":"<YOUR TEMPLATE TEAM ID>"}]}},"Bearer_Token":{"runAfter":{"Get_user_profile_(V2)":["Succeeded"]},"type":"Http","inputs":{"method":"POST","uri":"https://login.microsoftonline.com/@{variables('TenantId')}/oauth2/token","headers":{"content-type":"application/x-www-form-urlencoded"},"body":"client_id=@{variables('ClientId')}&\nclient_secret=@{variables('SecretId')}&\ngrant_type=client_credentials&\nresource=https%3A%2F%2Fgraph.microsoft.com"}},"Clone_Manager_Team":{"runAfter":{"Parse_Direct_Reports":["Succeeded"]},"type":"Http","inputs":{"method":"POST","uri":"https://graph.microsoft.com/v1.0/teams/@{variables('TeamTemplateId')}/clone","headers":{"Authorization":"Bearer @{body('Parse_JSON')?['access_token']}"},"body":{"displayName":"@{body('Get_user_profile_(V2)')?['displayName']}'s Team","description":"Collaboration space for @{body('Get_user_profile_(V2)')?['displayName']} and their Direct Reports","partsToClone":"apps,tabs,settings,channels","visibility":"private","mailNickname":"@{body('Get_user_profile_(V2)')?['displayName']}'s Team"}}},"Parse_JSON":{"runAfter":{"Bearer_Token":["Succeeded"]},"type":"ParseJson","inputs":{"content":"@body('Bearer_Token')","schema":{"type":"object","properties":{"token_type":{"type":"string"},"expires_in":{"type":"string"},"ext_expires_in":{"type":"string"},"expires_on":{"type":"string"},"not_before":{"type":"string"},"resource":{"type":"string"},"access_token":{"type":"string"}}}}},"Get_Direct_Reports":{"runAfter":{"Parse_JSON":["Succeeded"]},"type":"Http","inputs":{"method":"GET","uri":"https://graph.microsoft.com/v1.0/users/@{body('Get_user_profile_(V2)')?['id']}/directReports","headers":{"Authorization":"Bearer @{body('Parse_JSON')?['access_token']}"}}},"Get_user_profile_(V2)":{"runAfter":{"TeamCreationStatus":["Succeeded"]},"metadata":{"flowSystemMetadata":{"swaggerOperationId":"UserProfile_V2"}},"type":"ApiConnection","inputs":{"host":{"connection":{"name":"@json(decodeBase64(triggerOutputs().headers['X-MS-APIM-Tokens']))['$connections']['shared_office365users']['connectionId']"},"api":{"runtimeUrl":"https://flow-apim-msmanaged-na-eastus2-01.azure-apim.net/apim/office365users"}},"method":"get","path":"/codeless/v1.0/users/@{encodeURIComponent(triggerBody()['text'])}","authentication":{"type":"Raw","value":"@json(decodeBase64(triggerOutputs().headers['X-MS-APIM-Tokens']))['$ConnectionKey']"}}},"Parse_Cloned_Team":{"runAfter":{"Clone_Manager_Team":["Succeeded"]},"type":"ParseJson","inputs":{"content":"@outputs('Clone_Manager_Team')['headers']","schema":{"type":"object","properties":{"Transfer-Encoding":{"type":"string"},"request-id":{"type":"string"},"client-request-id":{"type":"string"},"x-ms-ags-diagnostic":{"type":"string"},"Duration":{"type":"string"},"Strict-Transport-Security":{"type":"string"},"Cache-Control":{"type":"string"},"Date":{"type":"string"},"Location":{"type":"string"},"Content-Type":{"type":"string"},"Content-Length":{"type":"string"}}}}},"Strip_Team_ID_from_Location_Response":{"runAfter":{"Parse_Cloned_Team":["Succeeded"]},"type":"Compose","inputs":"@substring(body('Parse_Cloned_Team')?['Location'], 8, 36)"},"Parse_Direct_Reports":{"runAfter":{"Get_Direct_Reports":["Succeeded"]},"type":"ParseJson","inputs":{"content":"@body('Get_Direct_Reports')","schema":{"type":"object","properties":{"@@odata.context":{"type":"string"},"value":{"type":"array","items":{"type":"object","properties":{"@@odata.type":{"type":"string"},"id":{"type":"string"},"businessPhones":{"type":"array","items":{"type":"string"}},"displayName":{"type":"string"},"givenName":{"type":"string"},"jobTitle":{"type":"string"},"mail":{"type":"string"},"mobilePhone":{},"officeLocation":{"type":"string"},"preferredLanguage":{"type":"string"},"surname":{"type":"string"},"userPrincipalName":{"type":"string"}},"required":["@@odata.type","id","businessPhones","displayName","givenName","jobTitle","mail","mobilePhone","officeLocation","preferredLanguage","surname","userPrincipalName"]}}}}}},"Apply_to_each":{"foreach":"@body('Parse_Direct_Reports')?['value']","actions":{"Add_Direct_Report_to_Team_as_Member":{"runAfter":{},"type":"Http","inputs":{"method":"POST","uri":"https://graph.microsoft.com/v1.0/groups/@{outputs('Strip_Team_ID_from_Location_Response')}/members/$ref","headers":{"Authorization":"Bearer @{body('Parse_JSON')?['access_token']}"},"body":{"@@odata.id":"https://graph.microsoft.com/v1.0/users/@{items('Apply_to_each')?['id']}"}}}},"runAfter":{"Add_Manager_to_Team_as_Owner":["Succeeded"]},"type":"Foreach"},"Add_Manager_to_Team_as_Owner":{"runAfter":{"Check_if_it_succeeded":["Succeeded"]},"type":"Http","inputs":{"method":"POST","uri":"https://graph.microsoft.com/v1.0/groups/@{outputs('Strip_Team_ID_from_Location_Response')}/owners/$ref","headers":{"Authorization":"Bearer @{body('Parse_JSON')?['access_token']}"},"body":{"@@odata.id":"https://graph.microsoft.com/v1.0/users/@{body('Get_user_profile_(V2)')?['id']}"}}},"TeamCreationCompleted":{"runAfter":{"Set_Team_Template_ID":["Succeeded"]},"type":"InitializeVariable","inputs":{"variables":[{"name":"TeamCreationCompleted","type":"Boolean","value":false}]}},"TeamCreationStatus":{"runAfter":{"TeamCreationCompleted":["Succeeded"]},"type":"InitializeVariable","inputs":{"variables":[{"name":"TeamCreationStatus","type":"String"}]}},"Do_until_Clone_Team_operation_is_complete":{"actions":{"Delay_2":{"runAfter":{},"type":"Wait","inputs":{"interval":{"count":45,"unit":"Second"}}},"Check_if_clone_operation_is_complete":{"runAfter":{"Delay_2":["Succeeded"]},"type":"Http","inputs":{"method":"GET","uri":"https://graph.microsoft.com/v1.0@{body('Parse_Cloned_Team')?['Location']}","headers":{"Authorization":"Bearer @{body('Parse_JSON')?['access_token']}"}}},"Parse_JSON_2":{"runAfter":{"Check_if_clone_operation_is_complete":["Succeeded"]},"type":"ParseJson","inputs":{"content":"@body('Check_if_clone_operation_is_complete')","schema":{"type":"object","properties":{"id":{"type":"string"},"operationType":{"type":"string"},"createdDateTime":{"type":"string"},"status":{"type":"string"},"lastActionDateTime":{"type":"string"},"attemptsCount":{"type":"integer"},"targetResourceId":{"type":"string"},"targetResourceLocation":{"type":"string"},"error":{}}}}},"Switch":{"runAfter":{"Set_variable_2":["Succeeded"]},"cases":{"Case":{"case":"succeeded","actions":{"Set_TeamCreationCompleted":{"runAfter":{},"type":"SetVariable","inputs":{"name":"TeamCreationCompleted","value":true}}}},"Case_2":{"case":"failed","actions":{"Set_variable":{"runAfter":{},"type":"SetVariable","inputs":{"name":"TeamCreationCompleted","value":true}}}}},"default":{"actions":{}},"expression":"@body('Parse_JSON_2')?['status']","type":"Switch"},"Set_variable_2":{"runAfter":{"Parse_JSON_2":["Succeeded"]},"type":"SetVariable","inputs":{"name":"TeamCreationStatus","value":"@body('Parse_JSON_2')?['status']"}}},"runAfter":{"Strip_Team_ID_from_Location_Response":["Succeeded"]},"expression":"@equals(variables('TeamCreationCompleted'), true)","limit":{"count":10,"timeout":"PT45S"},"type":"Until"},"Check_if_it_succeeded":{"actions":{"Terminate":{"runAfter":{},"type":"Terminate","inputs":{"runStatus":"Failed","runError":{"code":"@variables('TeamCreationStatus')","message":"Failed to Clone Team, need to notify someone"}}}},"runAfter":{"Do_until_Clone_Team_operation_is_complete":["Succeeded"]},"expression":{"not":{"equals":["@variables('TeamCreationStatus')","succeeded"]}},"type":"If"}}},"connectionReferences":{"shared_office365users":{"connectionName":"c9e545f057ac4987d52e05e31b24e068","source":"Invoker","id":"/providers/Microsoft.PowerApps/apis/shared_office365users","tier":"NotSpecified"}},"flowFailureAlertSubscribed":false}}